{
  "algorithm": "DQN",
  "n_episodes": 100,
  "mean_reward": -2.049999952316284,
  "std_reward": 2.2332711219787598,
  "min_reward": -7.0,
  "max_reward": 5.0,
  "median_reward": -2.0,
  "q25_reward": -4.0,
  "q75_reward": -1.0,
  "mean_length": 875.36,
  "std_length": 49.14479016131822,
  "eval_time_seconds": 271.07147550582886
}